targetAudience;seriesDisplayName;queryStringValue;variationTargetAudience;
Keyword Nissan Pathfinder;4Runner;4Runner&competitor=Nissan_Pathfinder;compare=true;
Keyword Chevrolet Chevrolet_Suburban1500;4Runner;4Runner&competitor=Chevrolet_Chevrolet_Suburban1500;compare=Id_is_invalid;
Keyword Chevrolet Chevrolet_Suburban2500;4Runner;4Runner&competitor=Chevrolet_Chevrolet_Suburban2500;compare=Id_is_invalid;
Keyword Lincoln Navigator L;4Runner;4Runner&competitor=Lincoln_Navigator_L;compare=true;
NE ATC Nissan Armada;4Runner;4runner&competitor=Nissan_Armada;compare=true;
NE ATC Nissan NV;4Runner;4runner&competitor=Nissan_NV;compare=true;
NE KBB Nissan Armada;4Runner;4runner&competitor=Nissan_Armada;compare=true;
NE Cars.com Honda Crosstour;4Runner;4runner&competitor=Honda_Crosstour;compare=false;
NE Cars.com Nissan Armada;4Runner;4runner&competitor=Nissan_Armada;compare=true;
NE Cars.com Nissan Xterra;4Runner;4runner&competitor=Nissan_Xterra;compare=true;
NE Edmunds Honda Crosstour;4Runner;4runner&competitor=Honda_Crosstour;compare=false;
NE Edmunds Nissan Armada;4Runner;4runner&competitor=Nissan_Armada;compare=true;
NE Edmunds Nissan Xterra;4Runner;4runner&competitor=Nissan_Xterra;compare=true;
Keyword Acura ILX;Avalon;Avalon&competitor=Acura_ILX;compare=false;
Keyword Acura NSX;Avalon;Avalon&competitor=Acura_NSX;compare=Id_is_invalid;
Keyword Acura RL;Avalon;Avalon&competitor=Acura_RL;compare=false;
Keyword Acura RLX;Avalon;Avalon&competitor=Acura_RLX;compare=false;
Keyword Acura TL;Avalon;Avalon&competitor=Acura_TL;compare=true;
Keyword Acura TSX;Avalon;Avalon&competitor=Acura_TSX;compare=false;
Keyword Audi A3;Avalon;Avalon&competitor=Audi_A3;compare=false;
Keyword Audi A4;Avalon;Avalon&competitor=Audi_A4;compare=false;
Keyword Audi A5;Avalon;Avalon&competitor=Audi_A5;compare=true;
Keyword Audi A6;Avalon;Avalon&competitor=Audi_A6;compare=false;
Keyword Audi A8;Avalon;Avalon&competitor=Audi_A8;compare=false;
Keyword Audi R8;Avalon;Avalon&competitor=Audi_R8;compare=false;
Keyword Audi S4;Avalon;Avalon&competitor=Audi_S4;compare=false;
Keyword Audi S5;Avalon;Avalon&competitor=Audi_S5;compare=false;
Keyword Audi S6;Avalon;Avalon&competitor=Audi_S6;compare=true;
Keyword Audi TT;Avalon;Avalon&competitor=Audi_TT;compare=Id_is_invalid;
Keyword Audi A7;Avalon;Avalon&competitor=Audi_A7;compare=false;
Keyword Audi S7;Avalon;Avalon&competitor=Audi_S7;compare=true;
Keyword Audi S8;Avalon;Avalon&competitor=Audi_S8;compare=true;
Keyword Bentley MULSANNE;Avalon;Avalon&competitor=Bentley_MULSANNE;compare=Id_is_invalid;
Keyword Bentley AZURE;Avalon;Avalon&competitor=Bentley_AZURE;compare=false;
Keyword BMW BMWI3;Avalon;Avalon&competitor=BMW_BMWI3;compare=false;
Keyword BMW 1_SERIES;Avalon;Avalon&competitor=BMW_1_SERIES;compare=false;
Keyword BMW 128I;Avalon;Avalon&competitor=BMW_128I;compare=false;
Keyword BMW 135I;Avalon;Avalon&competitor=BMW_135I;compare=false;
Keyword BMW 135IS;Avalon;Avalon&competitor=BMW_135IS;compare=false;
Keyword BMW 2_SERIES;Avalon;Avalon&competitor=BMW_2_SERIES;compare=false;
Keyword BMW 3_SERIES;Avalon;Avalon&competitor=BMW_3_SERIES;compare=true;
Keyword BMW 318I;Avalon;Avalon&competitor=BMW_318I;compare=false;
Keyword BMW 318IS;Avalon;Avalon&competitor=BMW_318IS;compare=false;
Keyword BMW 318TI;Avalon;Avalon&competitor=BMW_318TI;compare=false;
Keyword BMW 320I;Avalon;Avalon&competitor=BMW_320I;compare=false;
Keyword BMW 323CI;Avalon;Avalon&competitor=BMW_323CI;compare=false;
Keyword BMW 320IXD;Avalon;Avalon&competitor=BMW_320IXD;compare=false;
Keyword BMW 323I;Avalon;Avalon&competitor=BMW_323I;compare=false;
Keyword BMW 323IC;Avalon;Avalon&competitor=BMW_323IC;compare=false;
Keyword BMW 323IS;Avalon;Avalon&competitor=BMW_323IS;compare=false;
Keyword BMW 325CI;Avalon;Avalon&competitor=BMW_325CI;compare=false;
Keyword BMW 325E;Avalon;Avalon&competitor=BMW_325E;compare=false;
Keyword BMW 325ES;Avalon;Avalon&competitor=BMW_325ES;compare=false;
Keyword BMW 325I;Avalon;Avalon&competitor=BMW_325I;compare=false;
Keyword BMW 325IS;Avalon;Avalon&competitor=BMW_325IS;compare=false;
Keyword BMW 325IX;Avalon;Avalon&competitor=BMW_325IX;compare=false;
Keyword BMW 325XI;Avalon;Avalon&competitor=BMW_325XI;compare=false;
Keyword BMW 328CI;Avalon;Avalon&competitor=BMW_328CI;compare=false;
Keyword BMW 328I;Avalon;Avalon&competitor=BMW_328I;compare=false;
Keyword BMW BMW328IGT;Avalon;Avalon&competitor=BMW_BMW328IGT;compare=false;
Keyword BMW BMW328GTXD;Avalon;Avalon&competitor=BMW_BMW328GTXD;compare=false;
Keyword BMW 328IXD;Avalon;Avalon&competitor=BMW_328IXD;compare=false;
Keyword BMW 328IS;Avalon;Avalon&competitor=BMW_328IS;compare=false;
Keyword BMW 328XI;Avalon;Avalon&competitor=BMW_328XI;compare=false;
Keyword BMW 330CI;Avalon;Avalon&competitor=BMW_330CI;compare=false;
Keyword BMW 330I;Avalon;Avalon&competitor=BMW_330I;compare=false;
Keyword BMW 330XI;Avalon;Avalon&competitor=BMW_330XI;compare=false;
Keyword BMW 335D;Avalon;Avalon&competitor=BMW_335D;compare=false;
Keyword BMW 335I;Avalon;Avalon&competitor=BMW_335I;compare=false;
Keyword BMW BMW335IGT;Avalon;Avalon&competitor=BMW_BMW335IGT;compare=false;
Keyword BMW BMW335GTXD;Avalon;Avalon&competitor=BMW_BMW335GTXD;compare=false;
Keyword BMW 335IXD;Avalon;Avalon&competitor=BMW_335IXD;compare=false;
Keyword BMW 335IS;Avalon;Avalon&competitor=BMW_335IS;compare=false;
Keyword BMW 335XI;Avalon;Avalon&competitor=BMW_335XI;compare=false;
Keyword BMW BMW328D;Avalon;Avalon&competitor=BMW_BMW328D;compare=false;
Keyword BMW BMW328DXD;Avalon;Avalon&competitor=BMW_BMW328DXD;compare=false;
Keyword BMW 4_SERIES;Avalon;Avalon&competitor=BMW_4_SERIES;compare=false;
Keyword BMW BMW428IXD;Avalon;Avalon&competitor=BMW_BMW428IXD;compare=false;
Keyword BMW BMW428I;Avalon;Avalon&competitor=BMW_BMW428I;compare=false;
Keyword BMW BMW435I;Avalon;Avalon&competitor=BMW_BMW435I;compare=false;
Keyword BMW BMW435IXD;Avalon;Avalon&competitor=BMW_BMW435IXD;compare=false;
Keyword BMW 5_SERIES;Avalon;Avalon&competitor=BMW_5_SERIES;compare=false;
Keyword BMW 524TD;Avalon;Avalon&competitor=BMW_524TD;compare=false;
Keyword BMW 525I;Avalon;Avalon&competitor=BMW_525I;compare=false;
Keyword BMW 525XI;Avalon;Avalon&competitor=BMW_525XI;compare=false;
Keyword BMW 528E;Avalon;Avalon&competitor=BMW_528E;compare=false;
Keyword BMW 528I;Avalon;Avalon&competitor=BMW_528I;compare=false;
Keyword BMW 528IXD;Avalon;Avalon&competitor=BMW_528IXD;compare=false;
Keyword BMW 528XI;Avalon;Avalon&competitor=BMW_528XI;compare=false;
Keyword BMW 530I;Avalon;Avalon&competitor=BMW_530I;compare=false;
Keyword BMW 530XI;Avalon;Avalon&competitor=BMW_530XI;compare=false;
Keyword BMW 533I;Avalon;Avalon&competitor=BMW_533I;compare=false;
Keyword BMW 535D;Avalon;Avalon&competitor=BMW_535D;compare=false;
Keyword BMW 535DXD;Avalon;Avalon&competitor=BMW_535DXD;compare=false;
Keyword BMW 535I;Avalon;Avalon&competitor=BMW_535I;compare=false;
Keyword BMW 535 IGTXD;Avalon;Avalon&competitor=BMW_535_IGTXD;compare=false;
Keyword BMW 535IXD;Avalon;Avalon&competitor=BMW_535IXD;compare=false;
Keyword BMW 535IGT;Avalon;Avalon&competitor=BMW_535IGT;compare=false;
Keyword BMW 535XI;Avalon;Avalon&competitor=BMW_535XI;compare=false;
Keyword BMW 540I;Avalon;Avalon&competitor=BMW_540I;compare=false;
Keyword BMW 545I;Avalon;Avalon&competitor=BMW_545I;compare=false;
Keyword BMW 550I;Avalon;Avalon&competitor=BMW_550I;compare=false;
Keyword BMW 550IGTXD;Avalon;Avalon&competitor=BMW_550IGTXD;compare=false;
Keyword BMW 550IXD;Avalon;Avalon&competitor=BMW_550IXD;compare=false;
Keyword BMW 550IGT;Avalon;Avalon&competitor=BMW_550IGT;compare=false;
Keyword BMW M3;Avalon;Avalon&competitor=BMW_M3;compare=Id_is_invalid;
Keyword BMW M5;Avalon;Avalon&competitor=BMW_M5;compare=true;
Keyword BMW M6;Avalon;Avalon&competitor=BMW_M6;compare=true;
Keyword BMW Z4;Avalon;Avalon&competitor=BMW_Z4;compare=false;
Keyword BMW ALPINAB7;Avalon;Avalon&competitor=BMW_ALPINAB7;compare=false;
Keyword Buick Lacrosse;Avalon;Avalon&competitor=Buick_Lacrosse;compare=false;
Keyword Buick Lucerne;Avalon;Avalon&competitor=Buick_Lucerne;compare=true;
Keyword Buick Regal;Avalon;Avalon&competitor=Buick_Regal;compare=false;
Keyword Cadillac ATS;Avalon;Avalon&competitor=Cadillac_ATS;compare=true;
Keyword Cadillac XLR;Avalon;Avalon&competitor=Cadillac_XLR;compare=true;
Keyword Cadillac CTS;Avalon;Avalon&competitor=Cadillac_CTS;compare=false;
Keyword Cadillac DTS;Avalon;Avalon&competitor=Cadillac_DTS;compare=true;
Keyword Cadillac STS;Avalon;Avalon&competitor=Cadillac_STS;compare=true;
Keyword Cadillac XTS;Avalon;Avalon&competitor=Cadillac_XTS;compare=true;
Keyword Chevrolet Corvette;Avalon;Avalon&competitor=Chevrolet_Corvette;compare=true;
Keyword Chevrolet Impala;Avalon;Avalon&competitor=Chevrolet_Impala;compare=false;
Keyword Dodge Viper;Avalon;Avalon&competitor=Dodge_Viper;compare=Id_is_invalid;
Keyword Ferrari FF;Avalon;Avalon&competitor=Ferrari_FF;compare=true;
Keyword Ferrari California;Avalon;Avalon&competitor=Ferrari_California;compare=Id_is_invalid;
Keyword Ferrari 612 Scaglietti;Avalon;Avalon&competitor=Ferrari_612_Scaglietti;compare=false;
Keyword Chevrolet  Taurus;Avalon;Avalon&competitor=Chevrolet__Taurus;compare=Id_is_invalid;
Keyword Hyundai Azera;Avalon;Avalon&competitor=Hyundai_Azera;compare=true;
Keyword Hyundai Equus;Avalon;Avalon&competitor=Hyundai_Equus;compare=true;
Keyword Hyundai Genesis;Avalon;Avalon&competitor=Hyundai_Genesis;compare=false;
Keyword Infiniti M35;Avalon;Avalon&competitor=Infiniti_M35;compare=true;
Keyword Infiniti M45;Avalon;Avalon&competitor=Infiniti_M45;compare=true;
Keyword Infiniti M37;Avalon;Avalon&competitor=Infiniti_M37;compare=true;
Keyword Infiniti M56;Avalon;Avalon&competitor=Infiniti_M56;compare=true;
Keyword Jaguar XF;Avalon;Avalon&competitor=Jaguar_XF;compare=Id_is_invalid;
Keyword Jaguar XK;Avalon;Avalon&competitor=Jaguar_XK;compare=true;
Keyword Jaguar XJ;Avalon;Avalon&competitor=Jaguar_XJ;compare=true;
Keyword Lamborghini Gallardo;Avalon;Avalon&competitor=Lamborghini_Gallardo;compare=true;
Keyword Lamborghini Murcielago;Avalon;Avalon&competitor=Lamborghini_Murcielago;compare=true;
Keyword Lexus ES_MODELS;Avalon;Avalon&competitor=Lexus_ES_MODELS;compare=true;
Keyword Lexus ES350;Avalon;Avalon&competitor=Lexus_ES350;compare=true;
Keyword Lexus GS350;Avalon;Avalon&competitor=Lexus_GS350;compare=true;
Keyword Lexus GS460;Avalon;Avalon&competitor=Lexus_GS460;compare=true;
Keyword Lexus IS250;Avalon;Avalon&competitor=Lexus_IS250;compare=true;
Keyword Lexus IS250C;Avalon;Avalon&competitor=Lexus_IS250C;compare=true;
Keyword Lexus IS350;Avalon;Avalon&competitor=Lexus_IS350;compare=true;
Keyword Lexus IS350C;Avalon;Avalon&competitor=Lexus_IS350C;compare=true;
Keyword Lexus ISF;Avalon;Avalon&competitor=Lexus_ISF;compare=true;
Keyword Lexus LS460;Avalon;Avalon&competitor=Lexus_LS460;compare=true;
Keyword Lexus SC430;Avalon;Avalon&competitor=Lexus_SC430;compare=true;
Keyword Lexus CT200H;Avalon;Avalon&competitor=Lexus_CT200H;compare=true;
Keyword Lexus LFA;Avalon;Avalon&competitor=Lexus_LFA;compare=true;
Keyword Lincoln MKS;Avalon;Avalon&competitor=Lincoln_MKS;compare=true;
Keyword Lincoln MKZ;Avalon;Avalon&competitor=Lincoln_MKZ;compare=true;
Keyword Lincoln Towncar;Avalon;Avalon&competitor=Lincoln_Towncar;compare=false;
Keyword Maserati Granturismo;Avalon;Avalon&competitor=Maserati_Granturismo;compare=true;
Keyword Maserati QP;Avalon;Avalon&competitor=Maserati_QP;compare=Id_is_invalid;
Keyword Nissan GT-R;Avalon;Avalon&competitor=Nissan_GT_R;compare=false;
Keyword Nissan Maxima;Avalon;Avalon&competitor=Nissan_Maxima;compare=false;
Keyword Porsche 911;Avalon;Avalon&competitor=Porsche_911;compare=true;
Keyword Porsche Boxster;Avalon;Avalon&competitor=Porsche_Boxster;compare=false;
Keyword Porsche Cayman;Avalon;Avalon&competitor=Porsche_Cayman;compare=true;
Keyword Porsche Panamera;Avalon;Avalon&competitor=Porsche_Panamera;compare=true;
Keyword Tesla Model S;Avalon;Avalon&competitor=Tesla_Model_S;compare=false;
Keyword Volkswagen CC;Avalon;Avalon&competitor=Volkswagen_CC;compare=false;
Keyword Volvo C70;Avalon;Avalon&competitor=Volvo_C70;compare=false;
Keyword Volvo S80;Avalon;Avalon&competitor=Volvo_S80;compare=false;
Keyword Volvo V70;Avalon;Avalon&competitor=Volvo_V70;compare=false;
Keyword Volvo XC;Avalon;Avalon&competitor=Volvo_XC;compare=false;
Keyword Volvo S60;Avalon;Avalon&competitor=Volvo_S60;compare=false;
Keyword Volvo xc70;Avalon;Avalon&competitor=Volvo_xc70;compare=false;
Keyword Maserati Quattroporte;Avalon;Avalon&competitor=Maserati_Quattroporte;compare=true;
Keyword BMW 1Series M;Avalon;Avalon&competitor=BMW_1Series_M;compare=Id_is_invalid;
Keyword BMW i8;Avalon;Avalon&competitor=BMW_i8;compare=true;
Keyword Ford Taurus;Avalon;Avalon&competitor=Ford_Taurus;compare=false;
Keyword Audi_RS5;Avalon;Avalon&competitor=Audi_RS5;compare=false;
Keyword BMW_6Series;Avalon;Avalon&competitor=BMW_6Series;compare=false;
Keyword BMW_7Series;Avalon;Avalon&competitor=BMW_7Series;compare=false;
Keyword BMW_X6M;Avalon;Avalon&competitor=BMW_X6M;compare=false;
Keyword BMW_X5M;Avalon;Avalon&competitor=BMW_X5M;compare=false;
Keyword Chevrolet Camaro;Avalon;Avalon&competitor=Chevrolet_Camaro;compare=false;
Keyword Infiniti FX;Avalon;Avalon&competitor=Infiniti_FX;compare=true;
Keyword Infiniti G;Avalon;Avalon&competitor=Infiniti_G;compare=true;
Keyword Infiniti JX;Avalon;Avalon&competitor=Infiniti_JX;compare=true;
Keyword Infiniti M;Avalon;Avalon&competitor=Infiniti_M;compare=true;
Keyword Infiniti QX;Avalon;Avalon&competitor=Infiniti_QX;compare=true;
Keyword Lexus GX;Avalon;Avalon&competitor=Lexus_GX;compare=false;
Keyword Lexus HS;Avalon;Avalon&competitor=Lexus_HS;compare=true;
Keyword Lexus LS;Avalon;Avalon&competitor=Lexus_LS;compare=true;
Keyword Mercedes-Benz C-Class;Avalon;Avalon&competitor=Mercedes_Benz_C_Class;compare=true;
Keyword Mercedes-Benz CL-Class;Avalon;Avalon&competitor=Mercedes_Benz_CL_Class;compare=true;
Keyword Mercedes-Benz CLA-Class;Avalon;Avalon&competitor=Mercedes_Benz_CLA_Class;compare=true;
Keyword Mercedes-Benz CLS-Class;Avalon;Avalon&competitor=Mercedes_Benz_CLS_Class;compare=false;
Keyword Mercedes-Benz R-Class;Avalon;Avalon&competitor=Mercedes_Benz_R_Class;compare=false;
Keyword Mercedes-Benz S-Class;Avalon;Avalon&competitor=Mercedes_Benz_S_Class;compare=true;
Keyword Mercedes-Benz SL-Class;Avalon;Avalon&competitor=Mercedes_Benz_SL_Class;compare=false;
Keyword Mercedes-Benz SLK-Class;Avalon;Avalon&competitor=Mercedes_Benz_SLK_Class;compare=false;
Keyword Mercedes-Benz SLS-Class;Avalon;Avalon&competitor=Mercedes_Benz_SLS_Class;compare=true;
NE ATC Chevrolet Impala;Avalon;avalon&competitor=Chevrolet_Impala;compare=false;
NE ATC Chevrolet SS;Avalon;avalon&competitor=Chevrolet_SS;compare=Id_is_invalid;
NE ATC Ford Taurus;Avalon;avalon&competitor=Ford_Taurus;compare=false;
NE ATC Hyundai Equus;Avalon;avalon&competitor=Hyundai_Equus;compare=true;
NE ATC Hyundai Genesis;Avalon;avalon&competitor=Hyundai_Genesis;compare=false;
NE ATC Hyundai Genesis Coupe;Avalon;avalon&competitor=Hyundai_Genesis_Coupe;compare=false;
NE ATC Kia K900;Avalon;avalon&competitor=Kia_K900;compare=true;
NE ATC Nissan Maxima;Avalon;avalon&competitor=Nissan_Maxima;compare=false;
NE KBB Chevrolet Impala;Avalon;avalon&competitor=Chevrolet_Impala;compare=false;
NE KBB Chevrolet SS;Avalon;avalon&competitor=Chevrolet_SS;compare=Id_is_invalid;
NE KBB Ford Taurus;Avalon;avalon&competitor=Ford_Taurus;compare=false;
NE KBB Hyundai Equus;Avalon;avalon&competitor=Hyundai_Equus;compare=true;
NE KBB Hyundai Genesis;Avalon;avalon&competitor=Hyundai_Genesis;compare=false;
NE KBB Hyundai Genesis Coupe;Avalon;avalon&competitor=Hyundai_Genesis_Coupe;compare=false;
NE KBB Kia K900;Avalon;avalon&competitor=Kia_K900;compare=true;
NE KBB Nissan Maxima;Avalon;avalon&competitor=Nissan_Maxima;compare=false;
NE Cars.com Chevy Impala;Avalon;avalon&competitor=Chevrolet_Impala;compare=false;
NE Cars.com Chevy Impala Limited;Avalon;avalon&competitor=Chevrolet_Impala;compare=false;
NE Cars.com Chevrolet SS;Avalon;avalon&competitor=Chevrolet_SS;compare=Id_is_invalid;
NE Cars.com Ford Taurus;Avalon;avalon&competitor=Ford_Taurus;compare=false;
NE Cars.com Nissan Maxima;Avalon;avalon&competitor=Nissan_Maxima;compare=false;
NE Edmunds Chevrolet Impala;Avalon;avalon&competitor=Chevrolet_Impala;compare=false;
NE Edmunds Chevrolet Impala Limited;Avalon;avalon&competitor=Chevrolet_Impala_Limited;compare=false;
NE Edmunds Chevrolet SS;Avalon;avalon&competitor=Chevrolet_SS;compare=Id_is_invalid;
NE Edmunds Ford Fusion Energi;Avalon;avalon&competitor=Ford_Fusion_Energi;compare=false;
NE Edmunds Ford Taurus;Avalon;avalon&competitor=Ford_Taurus;compare=false;
NE Edmunds Hyundai Equus;Avalon;avalon&competitor=Hyundai_Equus;compare=true;
NE Edmunds Hyundai Genesis;Avalon;avalon&competitor=Hyundai_Genesis;compare=false;
NE Edmunds Hyundai Genesis Coupe;Avalon;avalon&competitor=Hyundai_Genesis_Coupe;compare=false;
NE Edmunds Kia K900;Avalon;avalon&competitor=Kia_K900;compare=true;
NE Edmunds Nissan Maxima;Avalon;avalon&competitor=Nissan_Maxima;compare=false;
Keyword BMW ActiveHybrid 3;Avalon Hybrid;AvalonHybrid&competitor=BMW_ActiveHybrid_3;compare=true;
Keyword Lexus ES300H;Avalon Hybrid;AvalonHybrid&competitor=Lexus_ES300H;compare=true;
Keyword Lexus GS450H;Avalon Hybrid;AvalonHybrid&competitor=Lexus_GS450H;compare=true;
Keyword Lexus HS250H;Avalon Hybrid;AvalonHybrid&competitor=Lexus_HS250H;compare=true;
Keyword Lexus LS600H;Avalon Hybrid;AvalonHybrid&competitor=Lexus_LS600H;compare=true;
Keyword Buick Verano;Camry;Camry&competitor=Buick_Verano;compare=false;
Keyword Chevrolet Malibu;Camry;Camry&competitor=Chevrolet_Malibu;compare=false;
Keyword Chrysler 200;Camry;Camry&competitor=Chrysler_200;compare=true;
Keyword Dodge Avenger;Camry;Camry&competitor=Dodge_Avenger;compare=false;
Keyword Dodge Charger;Camry;Camry&competitor=Dodge_Charger;compare=false;
Keyword Ford Fusion;Camry;Camry&competitor=Ford_Fusion;compare=true;
Keyword Honda Accord;Camry;Camry&competitor=Honda_Accord;compare=false;
Keyword Hyundai Sonata;Camry;Camry&competitor=Hyundai_Sonata;compare=false;
Keyword Kia Optima;Camry;Camry&competitor=Kia_Optima;compare=false;
Keyword Mazda 6;Camry;Camry&competitor=Mazda_6;compare=true;
Keyword Mitsubishi Galant;Camry;Camry&competitor=Mitsubishi_Galant;compare=false;
Keyword Nissan Altima;Camry;Camry&competitor=Nissan_Altima;compare=true;
Keyword Subaru Legacy;Camry;Camry&competitor=Subaru_Legacy;compare=true;
Keyword Volkswagen Passat;Camry;Camry&competitor=Volkswagen_Passat;compare=true;
Keyword Volvo S40;Camry;Camry&competitor=Volvo_S40;compare=false;
Keyword Volvo V50;Camry;Camry&competitor=Volvo_V50;compare=false;
Keyword Chrysler Sebring;Camry;Camry&competitor=Chrysler_Sebring;compare=true;
Keyword Chrysler Town & Country;Camry;Camry&competitor=Chrysler_Town_&_Country;compare=true;
Keyword Volkswagen Eos;Camry;Camry&competitor=Volkswagen_Eos;compare=true;
NE ATC Chevrolet Malibu;Camry;camry&competitor=Chevrolet_Malibu;compare=false;
NE ATC Ford Fusion;Camry;camry&competitor=Ford_Fusion;compare=true;
NE ATC Honda Accord;Camry;camry&competitor=Honda_Accord;compare=false;
NE ATC Hyundai Azera;Camry;camry&competitor=Hyundai_Azera;compare=true;
NE ATC Hyundai Sonata;Camry;camry&competitor=Hyundai_Sonata;compare=false;
NE ATC Kia Cadenza;Camry;camry&competitor=Kia_Cadenza;compare=true;
NE ATC Kia Optima;Camry;camry&competitor=Kia_Optima;compare=false;
NE ATC Nissan Altima;Camry;camry&competitor=Nissan_Altima;compare=true;
NE ATC Subaru Legacy;Camry;camry&competitor=Subaru_Legacy;compare=true;
NE KBB Chevrolet Malibu;Camry;camry&competitor=Chevrolet_Malibu;compare=false;
NE KBB Ford Fusion;Camry;camry&competitor=Ford_Fusion;compare=true;
NE KBB Honda Accord;Camry;camry&competitor=Honda_Accord;compare=false;
NE KBB Hyundai Azera;Camry;camry&competitor=Hyundai_Azera;compare=true;
NE KBB Hyundai Sonata;Camry;camry&competitor=Hyundai_Sonata;compare=false;
NE KBB Kia Cadenza;Camry;camry&competitor=Kia_Cadenza;compare=true;
NE KBB Kia Optima;Camry;camry&competitor=Kia_Optima;compare=false;
NE KBB Nissan Altima;Camry;camry&competitor=Nissan_Altima;compare=true;
NE KBB Subaru Legacy;Camry;camry&competitor=Subaru_Legacy;compare=true;
NE Cars.com Chevy Malibu;Camry;camry&competitor=Chevrolet_Malibu;compare=false;
NE Cars.com Ford Fusion;Camry;camry&competitor=Ford_Fusion;compare=true;
NE Cars.com Ford Fusion Hybrid;Camry;camry&competitor=Ford_Fusion_Hybrid;compare=true;
NE Cars.com Honda Accord;Camry;camry&competitor=Honda_Accord;compare=false;
NE Cars.com Hyundai Azera;Camry;camry&competitor=Hyundai_Azera;compare=true;
NE Cars.com Hyundai Sonata;Camry;camry&competitor=Hyundai_Sonata;compare=false;
NE Cars.com Hyundai Sonata Hybrid;Camry;camry&competitor=Hyundai_Sonata_Hybrid;compare=true;
NE Cars.com Kia Cadenza;Camry;camry&competitor=Kia_Cadenza;compare=true;
NE Cars.com Kia Optima;Camry;camry&competitor=Kia_Optima;compare=false;
NE Cars.com Nissan Altima;Camry;camry&competitor=Nissan_Altima;compare=true;
NE Cars.com Subaru Legacy;Camry;camry&competitor=Subaru_Legacy;compare=true;
NE Edmunds Chevrolet Malibu;Camry;camry&competitor=Chevrolet_Malibu;compare=false;
NE Edmunds Ford Fusion;Camry;camry&competitor=Ford_Fusion;compare=true;
NE Edmunds Honda Accord;Camry;camry&competitor=Honda_Accord;compare=false;
NE Edmunds Hyundai Azera;Camry;camry&competitor=Hyundai_Azera;compare=true;
NE Edmunds Hyundai Sonata;Camry;camry&competitor=Hyundai_Sonata;compare=false;
NE Edmunds Kia Cadenza;Camry;camry&competitor=Kia_Cadenza;compare=true;
NE Edmunds Kia Optima;Camry;camry&competitor=Kia_Optima;compare=false;
NE Edmunds Nissan Altima;Camry;camry&competitor=Nissan_Altima;compare=true;
NE Edmunds Subaru Legacy;Camry;camry&competitor=Subaru_Legacy;compare=true;
Keyword Kia Optima Hybrid;Camry Hybrid;CamryHybrid&competitor=Kia_Optima_Hybrid;compare=true;
Keyword Ford Fusion Hybrid;Camry Hybrid;CamryHybrid&competitor=Ford_Fusion_Hybrid;compare=true;
Keyword Ford Fusion Energi;Camry Hybrid;CamryHybrid&competitor=Ford_Fusion_Energi;compare=false;
Keyword Ford Focus Electric;Camry Hybrid;CamryHybrid&competitor=Ford_Focus_Electric;compare=true;
Keyword Nissan Altima Hybrid;Camry Hybrid;CamryHybrid&competitor=Nissan_Altima_Hybrid;compare=true;
Keyword Honda Accord Hybrid;Camry Hybrid;CamryHybrid&competitor=Honda_Accord_Hybrid;compare=false;
NE Edmunds Ford Fusion Hybrid;Camry Hybrid;camryhybrid&competitor=Ford_Fusion_Hybrid;compare=true;
NE Edmunds Honda Accord Hybrid;Camry Hybrid;camryhybrid&competitor=Honda_Accord_Hybrid;compare=false;
NE Edmunds Hyundai Sonata Hybrid;Camry Hybrid;camryhybrid&competitor=Hyundai_Sonata_Hybrid;compare=true;
Keyword Chevrolet Aveo;Corolla;Corolla&competitor=Chevrolet_Aveo;compare=Id_is_invalid;
Keyword Chevrolet Cobalt;Corolla;Corolla&competitor=Chevrolet_Cobalt;compare=Id_is_invalid;
Keyword Chevrolet HHR;Corolla;Corolla&competitor=Chevrolet_HHR;compare=Id_is_invalid;
Keyword Chevrolet Cruze;Corolla;Corolla&competitor=Chevrolet_Cruze;compare=Id_is_invalid;
Keyword Chevrolet Sonic;Corolla;Corolla&competitor=Chevrolet_Sonic;compare=false;
Keyword Chevrolet Spark;Corolla;Corolla&competitor=Chevrolet_Spark;compare=true;
Keyword Chrysler PT Cruiser;Corolla;Corolla&competitor=Chrysler_PT_Cruiser;compare=true;
Keyword Dodge Dart;Corolla;Corolla&competitor=Dodge_Dart;compare=true;
Keyword Fiat 500;Corolla;Corolla&competitor=Fiat_500;compare=false;
Keyword Ford Focus;Corolla;Corolla&competitor=Ford_Focus;compare=true;
Keyword Ford Fiesta;Corolla;Corolla&competitor=Ford_Fiesta;compare=true;
Keyword Honda Civic;Corolla;Corolla&competitor=Honda_Civic;compare=false;
Keyword Honda Fit;Corolla;Corolla&competitor=Honda_Fit;compare=false;
Keyword Hyundai Accent;Corolla;Corolla&competitor=Hyundai_Accent;compare=true;
Keyword Hyundai Elantra;Corolla;Corolla&competitor=Hyundai_Elantra;compare=true;
Keyword Hyundai Elantra Coupe;Corolla;Corolla&competitor=Hyundai_Elantra_Coupe;compare=true;
Keyword Hyundai Elantra Touring;Corolla;Corolla&competitor=Hyundai_Elantra_Touring;compare=true;
Keyword Kia Forte;Corolla;Corolla&competitor=Kia_Forte;compare=false;
Keyword Kia Rio;Corolla;Corolla&competitor=Kia_Rio;compare=true;
Keyword Kia Soul;Corolla;Corolla&competitor=Kia_Soul;compare=false;
Keyword Mazda 3;Corolla;Corolla&competitor=Mazda_3;compare=false;
Keyword Mitsubishi Lancer;Corolla;Corolla&competitor=Mitsubishi_Lancer;compare=false;
Keyword Nissan Cube;Corolla;Corolla&competitor=Nissan_Cube;compare=true;
Keyword Nissan Sentra;Corolla;Corolla&competitor=Nissan_Sentra;compare=true;
Keyword Nissan Versa;Corolla;Corolla&competitor=Nissan_Versa;compare=true;
Keyword Volkswagen GTI;Corolla;Corolla&competitor=Volkswagen_GTI;compare=false;
Keyword Volkswagen GLI;Corolla;Corolla&competitor=Volkswagen_GLI;compare=true;
Keyword Volkswagen Jet;Corolla;Corolla&competitor=Volkswagen_Jet;compare=false;
Keyword Volkswagen Jetta Hybrid;Corolla;Corolla&competitor=Volkswagen_Jetta_Hybrid;compare=false;
Keyword Hyundai Elantra GT;Corolla;Corolla&competitor=Hyundai_Elantra_GT;compare=true;
Keyword Ford Focus ST;Corolla;Corolla&competitor=Ford_Focus_ST;compare=true;
Keyword Hyundai Genesis Coupe;Corolla;Corolla&competitor=Hyundai_Genesis_Coupe;compare=false;
Keyword MINI Cooper Clubman;Corolla;Corolla&competitor=MINI_Cooper_Clubman;compare=Id_is_invalid;
Keyword MINI Cooper Clubvan;Corolla;Corolla&competitor=MINI_Cooper_Clubvan;compare=true;
Keyword MINI Cooper Convertible;Corolla;Corolla&competitor=MINI_Cooper_Convertible;compare=true;
Keyword MINI Cooper Countryman;Corolla;Corolla&competitor=MINI_Cooper_Countryman;compare=true;
Keyword MINI Cooper Coupe;Corolla;Corolla&competitor=MINI_Cooper_Coupe;compare=false;
Keyword MINI Cooper Hardtop;Corolla;Corolla&competitor=MINI_Cooper_Hardtop;compare=true;
Keyword MINI Cooper Paceman;Corolla;Corolla&competitor=MINI_Cooper_Paceman;compare=false;
Keyword MINI Cooper Roadster;Corolla;Corolla&competitor=MINI_Cooper_Roadster;compare=false;
Keyword Volkswagen Jetta SportWagen;Corolla;Corolla&competitor=Volkswagen_Jetta_SportWagen;compare=false;
NE ATC Chevrolet Cruze;Corolla;corolla&competitor=Chevrolet_Cruze;compare=Id_is_invalid;
NE ATC Ford Focus;Corolla;corolla&competitor=Ford_Focus;compare=true;
NE ATC Honda Civic;Corolla;corolla&competitor=Honda_Civic;compare=false;
NE ATC Hyundai Elantra;Corolla;corolla&competitor=Hyundai_Elantra;compare=true;
NE ATC Kia Forte;Corolla;corolla&competitor=Kia_Forte;compare=false;
NE ATC Kia Forte Koup;Corolla;corolla&competitor=Kia_Forte_Koup;compare=false;
NE ATC Kia Rio;Corolla;corolla&competitor=Kia_Rio;compare=true;
NE ATC Kia Soul;Corolla;corolla&competitor=Kia_Soul;compare=false;
NE ATC Nissan Sentra;Corolla;corolla&competitor=Nissan_Sentra;compare=true;
NE ATC Subaru Impreza;Corolla;corolla&competitor=Subaru_Impreza;compare=true;
NE ATC Subaru WRX;Corolla;corolla&competitor=Subaru_WRX;compare=false;
NE KBB Chevrolet Cruze;Corolla;corolla&competitor=Chevrolet_Cruze;compare=Id_is_invalid;
NE KBB Ford Focus;Corolla;corolla&competitor=Ford_Focus;compare=true;
NE KBB Honda Civic;Corolla;corolla&competitor=Honda_Civic;compare=false;
NE KBB Hyundai Elantra;Corolla;corolla&competitor=Hyundai_Elantra;compare=true;
NE KBB Kia Forte;Corolla;corolla&competitor=Kia_Forte;compare=false;
NE KBB Kia Forte Koup;Corolla;corolla&competitor=Kia_Forte_Koup;compare=false;
NE KBB Kia Rio;Corolla;corolla&competitor=Kia_Rio;compare=true;
NE KBB Nissan Sentra;Corolla;corolla&competitor=Nissan_Sentra;compare=true;
NE KBB Subaru Impreza;Corolla;corolla&competitor=Subaru_Impreza;compare=true;
NE KBB Subaru WRX;Corolla;corolla&competitor=Subaru_WRX;compare=false;
NE Cars.com Chevy Cruze;Corolla;corolla&competitor=Chevrolet_Cruze;compare=Id_is_invalid;
NE Cars.com Ford Focus;Corolla;corolla&competitor=Ford_Focus;compare=true;
NE Cars.com Ford Focus ST;Corolla;corolla&competitor=Ford_Focus_ST;compare=true;
NE Cars.com Honda Civic;Corolla;corolla&competitor=Honda_Civic;compare=false;
NE Cars.com Hyundai Elantra;Corolla;corolla&competitor=Hyundai_Elantra;compare=true;
NE Cars.com Hyundai Elantra GT;Corolla;corolla&competitor=Hyundai_Elantra_GT;compare=true;
NE Cars.com Hyundai Elantra Touring;Corolla;corolla&competitor=Hyundai_Elantra_Touring;compare=true;
NE Cars.com Kia Forte;Corolla;corolla&competitor=Kia_Forte;compare=false;
NE Cars.com Kia Forte Koup;Corolla;corolla&competitor=Kia_Forte_Koup;compare=false;
NE Cars.com Kia Rio;Corolla;corolla&competitor=Kia_Rio;compare=true;
NE Cars.com Kia Soul;Corolla;corolla&competitor=Kia_Soul;compare=false;
NE Cars.com Kia Soul EV;Corolla;corolla&competitor=Kia_Soul_EV;compare=true;
NE Cars.com Nissan Sentra;Corolla;corolla&competitor=Nissan_Sentra;compare=true;
NE Cars.com Subaru Impreza;Corolla;corolla&competitor=Subaru_Impreza;compare=true;
NE Cars.com Subaru Impreza WRX;Corolla;corolla&competitor=Subaru_Impreza_WRX;compare=true;
NE Cars.com Subaru WRX;Corolla;corolla&competitor=Subaru_WRX;compare=false;
NE Edmunds Chevrolet Cruze;Corolla;corolla&competitor=Chevrolet_Cruze;compare=Id_is_invalid;
NE Edmunds Ford Focus;Corolla;corolla&competitor=Ford_Focus;compare=true;
NE Edmunds Ford Focus ST;Corolla;corolla&competitor=Ford_Focus_ST;compare=true;
NE Edmunds Honda Civic;Corolla;corolla&competitor=Honda_Civic;compare=false;
NE Edmunds Hyundai Elantra;Corolla;corolla&competitor=Hyundai_Elantra;compare=true;
NE Edmunds Hyundai Elantra Coupe;Corolla;corolla&competitor=Hyundai_Elantra_Coupe;compare=true;
NE Edmunds Hyundai Elantra GT;Corolla;corolla&competitor=Hyundai_Elantra_GT;compare=true;
NE Edmunds Hyundai Elantra Touring;Corolla;corolla&competitor=Hyundai_Elantra_Touring;compare=true;
NE Edmunds Kia Forte;Corolla;corolla&competitor=Kia_Forte;compare=false;
NE Edmunds Kia Rio;Corolla;corolla&competitor=Kia_Rio;compare=true;
NE Edmunds Kia Soul;Corolla;corolla&competitor=Kia_Soul;compare=false;
NE Edmunds Kia Soul EV;Corolla;corolla&competitor=Kia_Soul_EV;compare=true;
NE Edmunds Nissan Sentra;Corolla;corolla&competitor=Nissan_Sentra;compare=true;
NE Edmunds Subaru Impreza;Corolla;corolla&competitor=Subaru_Impreza;compare=true;
NE Edmunds Subaru Impreza WRX;Corolla;corolla&competitor=Subaru_Impreza_WRX;compare=true;
NE Edmunds Subaru WRX;Corolla;corolla&competitor=Subaru_WRX;compare=false;
NE ATC Chevrolet Camaro;FR-S;frs&competitor=Chevrolet_Camaro;compare=true;
NE ATC Chevrolet Corvette;FR-S;frs&competitor=Chevrolet_Corvette;compare=true;
NE ATC Ford Mustang;FR-S;frs&competitor=Ford_Mustang;compare=false;
NE ATC Ford Transit Connect;FR-S;frs&competitor=Ford_Transit_Connect;compare=true;
NE ATC Honda CR-Z;FR-S;frs&competitor=Honda_CR_Z;compare=false;
NE ATC Nissan 370Z;FR-S;frs&competitor=Nissan_370Z;compare=true;
NE ATC Nissan GT-R;FR-S;frs&competitor=Nissan_GT_R;compare=false;
NE ATC Subaru BRZ;FR-S;frs&competitor=Subaru_BRZ;compare=false;
NE KBB Chevrolet Camaro;FR-S;frs&competitor=Chevrolet_Camaro;compare=true;
NE KBB Chevrolet Corvette;FR-S;frs&competitor=Chevrolet_Corvette;compare=true;
NE KBB Ford Mustang;FR-S;frs&competitor=Ford_Mustang;compare=false;
NE KBB Honda CR-Z;FR-S;frs&competitor=Honda_CR_Z;compare=false;
NE KBB Nissan 370Z;FR-S;frs&competitor=Nissan_370Z;compare=true;
NE KBB Nissan GT-R;FR-S;frs&competitor=Nissan_GT_R;compare=false;
NE KBB Subaru BRZ;FR-S;frs&competitor=Subaru_BRZ;compare=false;
NE Edmunds Chevrolet Camaro;FR-S;fr_s&competitor=Chevrolet_Camaro;compare=true;
NE Edmunds Chevrolet Corvette;FR-S;fr_s&competitor=Chevrolet_Corvette;compare=true;
NE Edmunds Chevrolet Corvette Stingray;FR-S;fr_s&competitor=Chevrolet_Corvette_Stingray;compare=true;
NE Edmunds Ford Mustang;FR-S;fr_s&competitor=Ford_Mustang;compare=false;
NE Edmunds Ford Shelby GT 500;FR-S;fr_s&competitor=Ford_Shelby_GT_500;compare=true;
NE Edmunds Nissan 370Z;FR-S;fr_s&competitor=Nissan_370Z;compare=true;
NE Edmunds Subaru BRZ;FR-S;fr_s&competitor=Subaru_BRZ;compare=false;
Keyword Acura MDX;Highlander;Highlander&competitor=Acura_MDX;compare=true;
Keyword Acura RDX;Highlander;Highlander&competitor=Acura_RDX;compare=true;
Keyword Acura ZDX;Highlander;Highlander&competitor=Acura_ZDX;compare=true;
Keyword Buick Enclave;Highlander;Highlander&competitor=Buick_Enclave;compare=true;
Keyword Buick Encore;Highlander;Highlander&competitor=Buick_Encore;compare=true;
Keyword Cadillac SRX;Highlander;Highlander&competitor=Cadillac_SRX;compare=true;
Keyword Chevrolet Traverse;Highlander;Highlander&competitor=Chevrolet_Traverse;compare=true;
Keyword Chrysler Aspen;Highlander;Highlander&competitor=Chrysler_Aspen;compare=true;
Keyword Dodge Journey;Highlander;Highlander&competitor=Dodge_Journey;compare=true;
Keyword Ford Explorer;Highlander;Highlander&competitor=Ford_Explorer;compare=true;
Keyword Ford Explorer Sport Trac;Highlander;Highlander&competitor=Ford_Explorer_Sport_Trac;compare=true;
Keyword GMC Envoy;Highlander;Highlander&competitor=GMC_Envoy;compare=true;
Keyword GMC Acadia;Highlander;Highlander&competitor=GMC_Acadia;compare=true;
Keyword Honda Pilot;Highlander;Highlander&competitor=Honda_Pilot;compare=true;
Keyword Hyundai Santa Fe;Highlander;Highlander&competitor=Hyundai_Santa_Fe;compare=false;
Keyword Hyundai Veracruz;Highlander;Highlander&competitor=Hyundai_Veracruz;compare=true;
Keyword Jeep Commander;Highlander;Highlander&competitor=Jeep_Commander;compare=true;
Keyword Kia Sorento;Highlander;Highlander&competitor=Kia_Sorento;compare=false;
Keyword Lexus RX350;Highlander;Highlander&competitor=Lexus_RX350;compare=true;
Keyword Lincoln MKC;Highlander;Highlander&competitor=Lincoln_MKC;compare=false;
Keyword Lincoln MKX;Highlander;Highlander&competitor=Lincoln_MKX;compare=false;
Keyword Mitsubishi Endeavor;Highlander;Highlander&competitor=Mitsubishi_Endeavor;compare=true;
Keyword Subaru Tribeca;Highlander;Highlander&competitor=Subaru_Tribeca;compare=true;
Keyword Hyundai Santa Fe Sport;Highlander;Highlander&competitor=Hyundai_Santa_Fe_Sport;compare=false;
Keyword Volkswagen Touareg;Highlander;Highlander&competitor=Volkswagen_Touareg;compare=true;
NE ATC Chevrolet Traverse;Highlander;highlander&competitor=Chevrolet_Traverse;compare=true;
NE ATC Ford Edge;Highlander;highlander&competitor=Ford_Edge;compare=false;
NE ATC Ford Explorer;Highlander;highlander&competitor=Ford_Explorer;compare=true;
NE ATC Ford Flex;Highlander;highlander&competitor=Ford_Flex;compare=false;
NE ATC Honda Pilot;Highlander;highlander&competitor=Honda_Pilot;compare=true;
NE ATC Hyundai Santa Fe;Highlander;highlander&competitor=Hyundai_Santa_Fe;compare=false;
NE ATC Kia Sorento;Highlander;highlander&competitor=Kia_Sorento;compare=false;
NE ATC Nissan Murano;Highlander;highlander&competitor=Nissan_Murano;compare=false;
NE ATC Nissan Pathfinder;Highlander;highlander&competitor=Nissan_Pathfinder;compare=true;
NE ATC Subaru Outback;Highlander;highlander&competitor=Subaru_Outback;compare=true;
NE KBB Chevrolet Traverse;Highlander;highlander&competitor=Chevrolet_Traverse;compare=true;
NE KBB Ford Edge;Highlander;highlander&competitor=Ford_Edge;compare=false;
NE KBB Ford Explorer;Highlander;highlander&competitor=Ford_Explorer;compare=true;
NE KBB Ford Flex;Highlander;highlander&competitor=Ford_Flex;compare=false;
NE KBB Honda Pilot;Highlander;highlander&competitor=Honda_Pilot;compare=true;
NE KBB Hyundai Santa Fe;Highlander;highlander&competitor=Hyundai_Santa_Fe;compare=false;
NE KBB Kia Sorento;Highlander;highlander&competitor=Kia_Sorento;compare=false;
NE KBB Nissan Murano;Highlander;highlander&competitor=Nissan_Murano;compare=false;
NE KBB Nissan Pathfinder;Highlander;highlander&competitor=Nissan_Pathfinder;compare=true;
NE KBB Subaru Outback;Highlander;highlander&competitor=Subaru_Outback;compare=true;
NE Cars.com Chevrolet Traverse;Highlander;highlander&competitor=Chevrolet_Traverse;compare=true;
NE Cars.com Ford Edge;Highlander;highlander&competitor=Ford_Edge;compare=false;
NE Cars.com Ford Explorer;Highlander;highlander&competitor=Ford_Explorer;compare=true;
NE Cars.com Ford Flex;Highlander;highlander&competitor=Ford_Flex;compare=false;
NE Cars.com Honda Pilot;Highlander;highlander&competitor=Honda_Pilot;compare=true;
NE Cars.com Hyundai Santa Fe;Highlander;highlander&competitor=Hyundai_Santa_Fe;compare=false;
NE Cars.com Kia Sorento;Highlander;highlander&competitor=Kia_Sorento;compare=false;
NE Cars.com Nissan Murano;Highlander;highlander&competitor=Nissan_Murano;compare=false;
NE Cars.com Nissan Pathfinder;Highlander;highlander&competitor=Nissan_Pathfinder;compare=true;
NE Cars.com Subaru Outback;Highlander;highlander&competitor=Subaru_Outback;compare=true;
NE Edmunds Chevrolet Traverse;Highlander;highlander&competitor=Chevrolet_Traverse;compare=true;
NE Edmunds Ford Edge;Highlander;highlander&competitor=Ford_Edge;compare=false;
NE Edmunds Ford Explorer;Highlander;highlander&competitor=Ford_Explorer;compare=true;
NE Edmunds Ford Flex;Highlander;highlander&competitor=Ford_Flex;compare=false;
NE Edmunds Honda Pilot;Highlander;highlander&competitor=Honda_Pilot;compare=true;
NE Edmunds Hyundai Santa Fe;Highlander;highlander&competitor=Hyundai_Santa_Fe;compare=false;
NE Edmunds Kia Sorento;Highlander;highlander&competitor=Kia_Sorento;compare=false;
NE Edmunds Nissan Cube;Highlander;highlander&competitor=Nissan_Cube;compare=true;
NE Edmunds Nissan Murano;Highlander;highlander&competitor=Nissan_Murano;compare=false;
NE Edmunds Nissan Pathfinder;Highlander;highlander&competitor=Nissan_Pathfinder;compare=true;
NE Edmunds Subaru Outback;Highlander;highlander&competitor=Subaru_Outback;compare=true;
NE Edmunds Subaru Tribeca;Highlander;highlander&competitor=Subaru_Tribeca;compare=true;
Keyword Lexus RX450H;Highlander Hybrid;HighlanderHybrid&competitor=Lexus_RX450H;compare=true;
Keyword Volvo XC90;Highlander Hybrid;HighlanderHybrid&competitor=Volvo_XC90;compare=true;
Keyword Lincoln MKZ Hybrid;Highlander Hybrid;HighlanderHybrid&competitor=Lincoln_MKZ_Hybrid;compare=true;
Keyword Cadillac Escalade Hybrid;Highlander Hybrid;HighlanderHybrid&competitor=Cadillac_Escalade_Hybrid;compare=true;
Keyword Lexus NX300H;Highlander Hybrid;HighlanderHybrid&competitor=Lexus_NX300H;compare=true;
Keyword Audi Q7;Land Cruiser;LandCruiser&competitor=Audi_Q7;compare=true;
Keyword BMW X3;Land Cruiser;LandCruiser&competitor=BMW_X3;compare=true;
Keyword BMW X5;Land Cruiser;LandCruiser&competitor=BMW_X5;compare=true;
Keyword BMW X6;Land Cruiser;LandCruiser&competitor=BMW_X6;compare=true;
Keyword BMW X1;Land Cruiser;LandCruiser&competitor=BMW_X1;compare=false;
Keyword Infiniti FX35;Land Cruiser;LandCruiser&competitor=Infiniti_FX35;compare=true;
Keyword Infiniti FX50;Land Cruiser;LandCruiser&competitor=Infiniti_FX50;compare=true;
Keyword Infiniti QX56;Land Cruiser;LandCruiser&competitor=Infiniti_QX56;compare=true;
Keyword Infiniti EX_MODELS;Land Cruiser;LandCruiser&competitor=Infiniti_EX_MODELS;compare=true;
Keyword Land Rover LR2;Land Cruiser;LandCruiser&competitor=Land_Rover_LR2;compare=true;
Keyword Land Rover LR4;Land Cruiser;LandCruiser&competitor=Land_Rover_LR4;compare=true;
Keyword Land Rover Range Rover;Land Cruiser;LandCruiser&competitor=Land_Rover_Range_Rover;compare=true;
Keyword Land Rover Range Rover Sport;Land Cruiser;LandCruiser&competitor=Land_Rover_Range_Rover_Sport;compare=false;
Keyword Land Rover Range Rover Evoque;Land Cruiser;LandCruiser&competitor=Land_Rover_Range_Rover_Evoque;compare=true;
Keyword Lexus GX460;Land Cruiser;LandCruiser&competitor=Lexus_GX460;compare=true;
Keyword Lexus LX570;Land Cruiser;LandCruiser&competitor=Lexus_LX570;compare=true;
Keyword Lincoln MKT;Land Cruiser;LandCruiser&competitor=Lincoln_MKT;compare=true;
Keyword Lincoln Navigator;Land Cruiser;LandCruiser&competitor=Lincoln_Navigator;compare=true;
Keyword Porsche Cayenne;Land Cruiser;LandCruiser&competitor=Porsche_Cayenne;compare=true;
Keyword Lexus LC;Land Cruiser;LandCruiser&competitor=Lexus_LC;compare=true;
Keyword Infiniti ex37;Land Cruiser;LandCruiser&competitor=Infiniti_ex37;compare=true;
Keyword Infiniti ex35;Land Cruiser;LandCruiser&competitor=Infiniti_ex35;compare=true;
Keyword Infiniti ex;Land Cruiser;LandCruiser&competitor=Infiniti_ex;compare=true;
Keyword Lexus GS;Land Cruiser;LandCruiser&competitor=Lexus_GS;compare=false;
Keyword Lexus LX;Land Cruiser;LandCruiser&competitor=Lexus_LX;compare=false;
Keyword Lexus RX;Land Cruiser;LandCruiser&competitor=Lexus_RX;compare=true;
Keyword Mercedes-Benz E-Class;Land Cruiser;LandCruiser&competitor=Mercedes_Benz_E_Class;compare=true;
Keyword Mercedes-Benz G-Class;Land Cruiser;LandCruiser&competitor=Mercedes_Benz_G_Class;compare=true;
Keyword Mercedes-Benz GL-Class;Land Cruiser;LandCruiser&competitor=Mercedes_Benz_GL_Class;compare=false;
Keyword Mercedes-Benz GLK-Class;Land Cruiser;LandCruiser&competitor=Mercedes_Benz_GLK_Class;compare=true;
Keyword Mercedes-Benz M-Class;Land Cruiser;LandCruiser&competitor=Mercedes_Benz_M_Class;compare=true;
Keyword Chevrolet Volt;Prius;Prius&competitor=Chevrolet_Volt;compare=true;
Keyword Hyundai Sonata Hybrid;Prius;Prius&competitor=Hyundai_Sonata_Hybrid;compare=true;
Keyword Mazda 2;Prius;Prius&competitor=Mazda_2;compare=true;
NE ATC Chevrolet Volt;Prius;prius&competitor=Chevrolet_Volt;compare=true;
NE ATC Ford C-MAX;Prius;prius&competitor=Ford_C_MAX;compare=true;
NE ATC Nissan Leaf;Prius;prius&competitor=Nissan_Leaf;compare=true;
NE KBB Chevrolet Volt;Prius;prius&competitor=Chevrolet_Volt;compare=true;
NE KBB Nissan Leaf;Prius;prius&competitor=Nissan_Leaf;compare=true;
NE Cars.com Chevrolet Volt;Prius;prius&competitor=Chevrolet_Volt;compare=true;
NE Cars.com Ford C-MAX;Prius;prius&competitor=Ford_C_MAX;compare=true;
NE Cars.com Nissan Leaf;Prius;prius&competitor=Nissan_Leaf;compare=true;
NE Edmunds Chevrolet Volt;Prius;prius&competitor=Chevrolet_Volt;compare=true;
NE Edmunds Nissan Leaf;Prius;prius&competitor=Nissan_Leaf;compare=true;
Keyword Honda Insight;Prius c;Priusc&competitor=Honda_Insight;compare=false;
Keyword Honda CR-Z;Prius c;Priusc&competitor=Honda_CR_Z;compare=false;
Keyword Hyundai Veloster;Prius c;Priusc&competitor=Hyundai_Veloster;compare=true;
Keyword MINI Cooper;Prius c;Priusc&competitor=MINI_Cooper;compare=true;
Keyword Mitsubishi Eclipse;Prius c;Priusc&competitor=Mitsubishi_Eclipse;compare=true;
Keyword Mitsubishi i-MIEV;Prius c;Priusc&competitor=Mitsubishi_i_MIEV;compare=false;
Keyword Subaru Impreza;Prius c;Priusc&competitor=Subaru_Impreza;compare=true;
Keyword Volkswagen Golf;Prius c;Priusc&competitor=Volkswagen_Golf;compare=true;
Keyword Volkswagen Beetle;Prius c;Priusc&competitor=Volkswagen_Beetle;compare=true;
Keyword Volvo C30;Prius c;Priusc&competitor=Volvo_C30;compare=false;
Keyword Honda Fit EV;Prius c;Priusc&competitor=Honda_Fit_EV;compare=true;
Keyword Smart Fortwo;Prius c;Priusc&competitor=Smart_Fortwo;compare=true;
Keyword Nissan Leaf;Prius Plugin;PriusPlugin&competitor=Nissan_Leaf;compare=true;
Keyword Honda Accord Plugin Hybrid;Prius Plugin;PriusPlugin&competitor=Honda_Accord_Plugin_Hybrid;compare=false;
Keyword Ford C-Max Hybrid;prius v;priusv&competitor=Ford_C_Max_Hybrid;compare=true;
Keyword Mazda Speed 3;prius v;priusv&competitor=Mazda_Speed_3;compare=false;
Keyword Ford C-Max Energi;prius v;priusv&competitor=Ford_C_Max_Energi;compare=false;
Keyword Chevrolet Equinox;RAV4;RAV4&competitor=Chevrolet_Equinox;compare=true;
Keyword Dodge Nitro;RAV4;RAV4&competitor=Dodge_Nitro;compare=false;
Keyword Ford Escape;RAV4;RAV4&competitor=Ford_Escape;compare=true;
Keyword GMC Terrain;RAV4;RAV4&competitor=GMC_Terrain;compare=true;
Keyword Honda CR-V;RAV4;RAV4&competitor=Honda_CR_V;compare=true;
Keyword Honda Element;RAV4;RAV4&competitor=Honda_Element;compare=false;
Keyword Hyundai Tucson;RAV4;RAV4&competitor=Hyundai_Tucson;compare=Id_is_invalid;
Keyword Jeep Compass;RAV4;RAV4&competitor=Jeep_Compass;compare=true;
Keyword Jeep Liberty;RAV4;RAV4&competitor=Jeep_Liberty;compare=true;
Keyword Jeep Patriot;RAV4;RAV4&competitor=Jeep_Patriot;compare=true;
Keyword Jeep Wrangler;RAV4;RAV4&competitor=Jeep_Wrangler;compare=false;
Keyword Kia Sportage;RAV4;RAV4&competitor=Kia_Sportage;compare=false;
Keyword Mazda CX-5;RAV4;RAV4&competitor=Mazda_CX_5;compare=false;
Keyword Mazda Tribute;RAV4;RAV4&competitor=Mazda_Tribute;compare=false;
Keyword Mitsubishi Outlander;RAV4;RAV4&competitor=Mitsubishi_Outlander;compare=true;
Keyword Nissan Rogue;RAV4;RAV4&competitor=Nissan_Rogue;compare=false;
Keyword Nissan Juke;RAV4;RAV4&competitor=Nissan_Juke;compare=true;
Keyword Subaru XV CROSSTREK;RAV4;RAV4&competitor=Subaru_XV_CROSSTREK;compare=false;
Keyword Subaru Forester;RAV4;RAV4&competitor=Subaru_Forester;compare=true;
Keyword Volkswagen Tiguan;RAV4;RAV4&competitor=Volkswagen_Tiguan;compare=true;
Keyword Mitsubishi Outlander Sport;RAV4;RAV4&competitor=Mitsubishi_Outlander_Sport;compare=false;
NE ATC Chevrolet Equinox;RAV4;rav4&competitor=Chevrolet_Equinox;compare=true;
NE ATC Ford Escape;RAV4;rav4&competitor=Ford_Escape;compare=true;
NE ATC Honda CR-V;RAV4;rav4&competitor=Honda_CR_V;compare=true;
NE ATC Hyundai Tucson;RAV4;rav4&competitor=Hyundai_Tucson;compare=Id_is_invalid;
NE ATC Kia Sportage;RAV4;rav4&competitor=Kia_Sportage;compare=false;
NE ATC Nissan Juke;RAV4;rav4&competitor=Nissan_Juke;compare=true;
NE ATC Nissan Rogue;RAV4;rav4&competitor=Nissan_Rogue;compare=false;
NE ATC Subaru Forester;RAV4;rav4&competitor=Subaru_Forester;compare=true;
NE ATC Subaru XV Crosstrek;RAV4;rav4&competitor=Subaru_XV_Crosstrek;compare=false;
NE KBB Chevrolet Equinox;RAV4;rav4&competitor=Chevrolet_Equinox;compare=true;
NE KBB Chevrolet Trax;RAV4;rav4&competitor=Chevrolet_Trax;compare=false;
NE KBB Ford Escape;RAV4;rav4&competitor=Ford_Escape;compare=true;
NE KBB Honda CR-V;RAV4;rav4&competitor=Honda_CR_V;compare=true;
NE KBB Honda HR-V;RAV4;rav4&competitor=Honda_HR_V;compare=false;
NE KBB Hyundai Tucson;RAV4;rav4&competitor=Hyundai_Tucson;compare=Id_is_invalid;
NE KBB Kia Sportage;RAV4;rav4&competitor=Kia_Sportage;compare=false;
NE KBB Nissan Juke;RAV4;rav4&competitor=Nissan_Juke;compare=true;
NE KBB Nissan Rogue;RAV4;rav4&competitor=Nissan_Rogue;compare=false;
NE KBB Subaru Forester;RAV4;rav4&competitor=Subaru_Forester;compare=true;
NE KBB Subaru XV Crosstrek;RAV4;rav4&competitor=Subaru_XV_Crosstrek;compare=false;
NE Cars.com Chevy Equinox;RAV4;rav4&competitor=Chevrolet_Equinox;compare=true;
NE Cars.com Ford Escape;RAV4;rav4&competitor=Ford_Escape;compare=true;
NE Cars.com Honda CR-V;RAV4;rav4&competitor=Honda_CR_V;compare=true;
NE Cars.com Honda HR-V;RAV4;rav4&competitor=Honda_HR_V;compare=false;
NE Cars.com Hyundai Tucson;RAV4;rav4&competitor=Hyundai_Tucson;compare=Id_is_invalid;
NE Cars.com Kia Sportage;RAV4;rav4&competitor=Kia_Sportage;compare=false;
NE Cars.com Nissan Rogue;RAV4;rav4&competitor=Nissan_Rogue;compare=false;
NE Cars.com Subaru Forester;RAV4;rav4&competitor=Subaru_Forester;compare=true;
NE Edmunds Chevrolet Captiva Sport;RAV4;rav4&competitor=Chevrolet_Captiva_Sport;compare=Id_is_invalid;
NE Edmunds Chevrolet Equinox;RAV4;rav4&competitor=Chevrolet_Equinox;compare=true;
NE Edmunds Chevrolet Trax;RAV4;rav4&competitor=Chevrolet_Trax;compare=false;
NE Edmunds Ford Escape;RAV4;rav4&competitor=Ford_Escape;compare=true;
NE Edmunds Hyundai Santa Fe Sport;RAV4;rav4&competitor=Hyundai_Santa_Fe_Sport;compare=false;
NE Edmunds Hyundai Tucson;RAV4;rav4&competitor=Hyundai_Tucson;compare=Id_is_invalid;
NE Edmunds Hyundai Vera Cruz;RAV4;rav4&competitor=Hyundai_Vera_Cruz;compare=true;
NE Edmunds Kia Sportage;RAV4;rav4&competitor=Kia_Sportage;compare=false;
NE Edmunds Nissan Juke;RAV4;rav4&competitor=Nissan_Juke;compare=true;
NE Edmunds Nissan Murano Cross Cabriolet;RAV4;rav4&competitor=Nissan_Murano_Cross_Cabriolet;compare=false;
NE Edmunds Nissan Rogue;RAV4;rav4&competitor=Nissan_Rogue;compare=false;
NE Edmunds Nissan Rogue Select;RAV4;rav4&competitor=Nissan_Rogue_Select;compare=true;
NE Edmunds Subaru Forester;RAV4;rav4&competitor=Subaru_Forester;compare=true;
NE Edmunds Subaru XV Crosstrek;RAV4;rav4&competitor=Subaru_XV_Crosstrek;compare=false;
Keyword Cadillac Escalade ESV;Sequoia;Sequoia&competitor=Cadillac_Escalade_ESV;compare=true;
Keyword Cadillac EXT;Sequoia;Sequoia&competitor=Cadillac_EXT;compare=true;
Keyword Chevrolet Suburban;Sequoia;Sequoia&competitor=Chevrolet_Suburban;compare=true;
Keyword Chevrolet Tahoe;Sequoia;Sequoia&competitor=Chevrolet_Tahoe;compare=true;
Keyword Dodge Durango;Sequoia;Sequoia&competitor=Dodge_Durango;compare=true;
Keyword Ford Expedition;Sequoia;Sequoia&competitor=Ford_Expedition;compare=true;
Keyword GMC Yukon;Sequoia;Sequoia&competitor=GMC_Yukon;compare=true;
Keyword Nissan Armada;Sequoia;Sequoia&competitor=Nissan_Armada;compare=true;
NE ATC Chevrolet Suburban;Sequoia;sequoia&competitor=Chevrolet_Suburban;compare=true;
NE ATC Chevrolet Tahoe;Sequoia;sequoia&competitor=Chevrolet_Tahoe;compare=true;
NE ATC Ford Expedition/EL;Sequoia;sequoia&competitor=Ford_Expedition/EL;compare=true;
NE KBB Chevrolet Suburban;Sequoia;sequoia&competitor=Chevrolet_Suburban;compare=true;
NE KBB Chevrolet Tahoe;Sequoia;sequoia&competitor=Chevrolet_Tahoe;compare=true;
NE KBB Ford Expedition/EL;Sequoia;sequoia&competitor=Ford_Expedition/EL;compare=true;
NE Cars.com Chevrolet Suburban;Sequoia;sequoia&competitor=Chevrolet_Suburban;compare=true;
NE Cars.com Chevrolet Tahoe;Sequoia;sequoia&competitor=Chevrolet_Tahoe;compare=true;
NE Cars.com Ford Expedition;Sequoia;sequoia&competitor=Ford_Expedition;compare=true;
NE Cars.com Ford Expedition/EL;Sequoia;sequoia&competitor=Ford_Expedition/EL;compare=true;
NE Edmunds Chevrolet Suburban;Sequoia;sequoia&competitor=Chevrolet_Suburban;compare=true;
NE Edmunds Chevrolet Tahoe;Sequoia;sequoia&competitor=Chevrolet_Tahoe;compare=true;
NE Edmunds Chevrolet Tahoe Hybrid;Sequoia;sequoia&competitor=Chevrolet_Tahoe_Hybrid;compare=true;
NE Edmunds Ford Expedition;Sequoia;sequoia&competitor=Ford_Expedition;compare=true;
Keyword Chrysler Town&Country;Sienna;Sienna&competitor=Chrysler_Town&Country;compare=true;
Keyword Dodge Grand Caravan;Sienna;Sienna&competitor=Dodge_Grand_Caravan;compare=true;
Keyword Ford Flex;Sienna;Sienna&competitor=Ford_Flex;compare=false;
Keyword Honda Odyssey;Sienna;Sienna&competitor=Honda_Odyssey;compare=false;
Keyword Kia Sedona;Sienna;Sienna&competitor=Kia_Sedona;compare=true;
Keyword Mazda 5;Sienna;Sienna&competitor=Mazda_5;compare=false;
Keyword Nissan Quest;Sienna;Sienna&competitor=Nissan_Quest;compare=true;
Keyword Nissan NV;Sienna;Sienna&competitor=Nissan_NV;compare=true;
Keyword Volkswagen Routan;Sienna;Sienna&competitor=Volkswagen_Routan;compare=true;
NE ATC Chevrolet City Express;Sienna;sienna&competitor=Chevrolet_City_Express;compare=Id_is_invalid;
NE ATC Honda Odyssey;Sienna;sienna&competitor=Honda_Odyssey;compare=false;
NE ATC Kia Sedona;Sienna;sienna&competitor=Kia_Sedona;compare=true;
NE ATC Nissan Quest;Sienna;sienna&competitor=Nissan_Quest;compare=true;
NE KBB Chevrolet City Express;Sienna;sienna&competitor=Chevrolet_City_Express;compare=Id_is_invalid;
NE KBB Chevrolet Express 2500;Sienna;sienna&competitor=Chevrolet_Express_2500;compare=true;
NE KBB Chevrolet Express 3500;Sienna;sienna&competitor=Chevrolet_Express_3500;compare=true;
NE KBB Ford Transit 150;Sienna;sienna&competitor=Ford_Transit_150;compare=true;
NE KBB Ford Transit 250;Sienna;sienna&competitor=Ford_Transit_250;compare=true;
NE KBB Ford Transit Connect;Sienna;sienna&competitor=Ford_Transit_Connect;compare=true;
NE KBB Honda Odyssey;Sienna;sienna&competitor=Honda_Odyssey;compare=false;
NE KBB Kia Sedona;Sienna;sienna&competitor=Kia_Sedona;compare=true;
NE KBB Nissan NV200;Sienna;sienna&competitor=Nissan_NV200;compare=true;
NE KBB Nissan Quest;Sienna;sienna&competitor=Nissan_Quest;compare=true;
NE Cars.com Honda Odyssey;Sienna;sienna&competitor=Honda_Odyssey;compare=false;
NE Cars.com Kia Sedona;Sienna;sienna&competitor=Kia_Sedona;compare=true;
NE Cars.com Nissan Quest;Sienna;sienna&competitor=Nissan_Quest;compare=true;
NE Edmunds Chevrolet City Express;Sienna;sienna&competitor=Chevrolet_City_Express;compare=Id_is_invalid;
NE Edmunds Chevrolet Express;Sienna;sienna&competitor=Chevrolet_Express;compare=Id_is_invalid;
NE Edmunds Chevrolet Express Cargo;Sienna;sienna&competitor=Chevrolet_Express_Cargo;compare=true;
NE Edmunds Ford Transit Connect;Sienna;sienna&competitor=Ford_Transit_Connect;compare=true;
NE Edmunds Ford Transit Van;Sienna;sienna&competitor=Ford_Transit_Van;compare=true;
NE Edmunds Ford Transit Wagon;Sienna;sienna&competitor=Ford_Transit_Wagon;compare=true;
NE Edmunds Honda Odyssey;Sienna;sienna&competitor=Honda_Odyssey;compare=false;
NE Edmunds Kia Sedona;Sienna;sienna&competitor=Kia_Sedona;compare=true;
NE Edmunds Nissan NV;Sienna;sienna&competitor=Nissan_NV;compare=true;
NE Edmunds Nissan NV 200;Sienna;sienna&competitor=Nissan_NV_200;compare=true;
NE Edmunds Nissan NV Cargo;Sienna;sienna&competitor=Nissan_NV_Cargo;compare=false;
NE Edmunds Nissan NV Passenger;Sienna;sienna&competitor=Nissan_NV_Passenger;compare=false;
NE Edmunds Nissan Quest;Sienna;sienna&competitor=Nissan_Quest;compare=true;
Keyword Chevrolet Colorado;Tacoma;Tacoma&competitor=Chevrolet_Colorado;compare=false;
Keyword Ford Ranger;Tacoma;Tacoma&competitor=Ford_Ranger;compare=false;
Keyword Honda Ridgeline;Tacoma;Tacoma&competitor=Honda_Ridgeline;compare=false;
Keyword Nissan Frontier;Tacoma;Tacoma&competitor=Nissan_Frontier;compare=false;
Keyword Dodge Dakota;Tacoma;Tacoma&competitor=Dodge_Dakota;compare=false;
NE ATC Chevrolet Colorado;Tacoma;tacoma&competitor=Chevrolet_Colorado;compare=false;
NE ATC Nissan Frontier;Tacoma;tacoma&competitor=Nissan_Frontier;compare=false;
NE KBB Chevrolet Colorado;Tacoma;tacoma&competitor=Chevrolet_Colorado;compare=false;
NE KBB Nissan Frontier;Tacoma;tacoma&competitor=Nissan_Frontier;compare=false;
NE Cars.com Chevy Colorado;Tacoma;tacoma&competitor=Chevrolet_Colorado;compare=false;
NE Cars.com Honda Ridgeline;Tacoma;tacoma&competitor=Honda_Ridgeline;compare=false;
NE Cars.com Nissan Frontier;Tacoma;tacoma&competitor=Nissan_Frontier;compare=false;
NE Edmunds Chevrolet Colorado;Tacoma;tacoma&competitor=Chevrolet_Colorado;compare=false;
NE Edmunds Honda Ridgeline;Tacoma;tacoma&competitor=Honda_Ridgeline;compare=false;
NE Edmunds Nissan Frontier;Tacoma;tacoma&competitor=Nissan_Frontier;compare=false;
Keyword Chevrolet Avalanche;Tundra;Tundra&competitor=Chevrolet_Avalanche;compare=Id_is_invalid;
Keyword Chevrolet G15EXP;Tundra;Tundra&competitor=Chevrolet_G15EXP;compare=Id_is_invalid;
Keyword Chevrolet 150;Tundra;Tundra&competitor=Chevrolet_150;compare=false;
Keyword Chevrolet C25;Tundra;Tundra&competitor=Chevrolet_C25;compare=Id_is_invalid;
Keyword Chevrolet CH3500 PU;Tundra;Tundra&competitor=Chevrolet_CH3500_PU;compare=Id_is_invalid;
Keyword Ford F150PICKUP;Tundra;Tundra&competitor=Ford_F150PICKUP;compare=false;
Keyword Ford F250;Tundra;Tundra&competitor=Ford_F250;compare=false;
Keyword Ford F350;Tundra;Tundra&competitor=Ford_F350;compare=false;
Keyword Ford F450;Tundra;Tundra&competitor=Ford_F450;compare=false;
Keyword GMC Savana;Tundra;Tundra&competitor=GMC_Savana;compare=false;
Keyword GMC C25PU;Tundra;Tundra&competitor=GMC_C25PU;compare=false;
Keyword GMC 3500PU;Tundra;Tundra&competitor=GMC_3500PU;compare=false;
Keyword Mercedes-Benz Sprinter;Tundra;Tundra&competitor=Mercedes_Benz_Sprinter;compare=false;
Keyword Nissan Titan;Tundra;Tundra&competitor=Nissan_Titan;compare=false;
Keyword Chevrolet Tahoe Hybrid;Tundra;Tundra&competitor=Chevrolet_Tahoe_Hybrid;compare=false;
Keyword Chevrolet Silverado 3500;Tundra;Tundra&competitor=Chevrolet_Silverado_3500;compare=false;
Keyword Chevrolet Silverado 2500;Tundra;Tundra&competitor=Chevrolet_Silverado_2500;compare=false;
Keyword Chevrolet Silverado 1500 Hybrid;Tundra;Tundra&competitor=Chevrolet_Silverado_1500_Hybrid;compare=false;
Keyword Chevrolet Silverado 1500;Tundra;Tundra&competitor=Chevrolet_Silverado_1500;compare=false;
Keyword GMC Sierra 3500;Tundra;Tundra&competitor=GMC_Sierra_3500;compare=false;
Keyword GMC Sierra 2500;Tundra;Tundra&competitor=GMC_Sierra_2500;compare=false;
Keyword GMC Sierra 1500 Hybrid;Tundra;Tundra&competitor=GMC_Sierra_1500_Hybrid;compare=false;
Keyword Sierra 1500;Tundra;Tundra&competitor=GMC_Sierra_1500;compare=false;
Keyword Savana 3500;Tundra;Tundra&competitor=GMC_Savana_3500;compare=false;
Keyword Savana 2500;Tundra;Tundra&competitor=GMC_Savana_2500;compare=false;
Keyword Savana 1500;Tundra;Tundra&competitor=GMC_Savana_1500;compare=false;
Keyword GMC Express;Tundra;Tundra&competitor=GMC_Express_;compare=false;
Keyword Ford E150;Tundra;Tundra&competitor=Ford_E150;compare=false;
Keyword Ford E250;Tundra;Tundra&competitor=Ford_E250;compare=false;
Keyword Ford E350;Tundra;Tundra&competitor=Ford_E350;compare=false;
Keyword Ford E450;Tundra;Tundra&competitor=Ford_E450;compare=false;
Keyword Ford Expedition EL;Tundra;Tundra&competitor=Ford_Expedition_EL;compare=false;
Keyword Ford F550;Tundra;Tundra&competitor=Ford_F550;compare=false;
Keyword Ford Transit Connect;Tundra;Tundra&competitor=Ford_Transit_Connect;compare=false;
Keyword GMC Canyon;Tundra;Tundra&competitor=GMC_Canyon;compare=false;
Keyword GMC Savana Commercial Cutaway;Tundra;Tundra&competitor=GMC_Savana_Commercial_Cutaway;compare=false;
Keyword GMC Yukon XL;Tundra;Tundra&competitor=GMC_Yukon_XL;compare=false;
Keyword Ram 1500;Tundra;Tundra&competitor=Ram_1500;compare=false;
Keyword Ram_2500;Tundra;Tundra&competitor=Ram_2500;compare=false;
Keyword Ram_3500;Tundra;Tundra&competitor=Ram_3500;compare=false;
NE ATC Chevrolet Silverado and other C/K1500;Tundra;tundra&competitor=Chevrolet_Silverado_and_other_C/K1500;compare=false;
NE ATC Chevrolet Silverado and other C/K2500;Tundra;tundra&competitor=Chevrolet_Silverado_and_other_C/K2500;compare=false;
NE ATC Chevrolet Silverado and other C/K3500;Tundra;tundra&competitor=Chevrolet_Silverado_and_other_C/K3500;compare=false;
NE ATC Ford F150;Tundra;tundra&competitor=Ford_F150;compare=false;
NE ATC Ford F250;Tundra;tundra&competitor=Ford_F250;compare=false;
NE ATC Ford F350;Tundra;tundra&competitor=Ford_F350;compare=false;
NE ATC Ford F450;Tundra;tundra&competitor=Ford_F450;compare=false;
NE ATC Nissan Titan;Tundra;tundra&competitor=Nissan_Titan;compare=false;
NE KBB Chevrolet Silverado and other C/K1500;Tundra;tundra&competitor=Chevrolet_Silverado_and_other_C/K1500;compare=false;
NE KBB Chevrolet Silverado and other C/K3500;Tundra;tundra&competitor=Chevrolet_Silverado_and_other_C/K3500;compare=false;
NE KBB Ford F150;Tundra;tundra&competitor=Ford_F150;compare=false;
NE KBB Ford F250;Tundra;tundra&competitor=Ford_F250;compare=false;
NE KBB Ford F350;Tundra;tundra&competitor=Ford_F350;compare=false;
NE KBB Ford F450;Tundra;tundra&competitor=Ford_F450;compare=false;
NE KBB Nissan Titan;Tundra;tundra&competitor=Nissan_Titan;compare=false;
NE Cars.com Chevrolet Silverado 1500;Tundra;tundra&competitor=Chevrolet_Silverado_1500;compare=false;
NE Cars.com Chevrolet Silverado 2500 HD;Tundra;tundra&competitor=Chevrolet_Silverado_2500_HD;compare=false;
NE Cars.com Chevrolet Silverado 3500 HD;Tundra;tundra&competitor=Chevrolet_Silverado_3500_HD;compare=false;
NE Cars.com Ford F150;Tundra;tundra&competitor=Ford_F150;compare=false;
NE Cars.com Ford F250;Tundra;tundra&competitor=Ford_F250;compare=false;
NE Cars.com Ford F350;Tundra;tundra&competitor=Ford_F350;compare=false;
NE Cars.com Ford F450;Tundra;tundra&competitor=Ford_F450;compare=false;
NE Cars.com Nissan Titan;Tundra;tundra&competitor=Nissan_Titan;compare=false;
NE Edmunds Chevrolet Avalanche;Tundra;tundra&competitor=Chevrolet_Avalanche;compare=Id_is_invalid;
NE Edmunds Chevrolet Black Diamond Avalanche;Tundra;tundra&competitor=Chevrolet_Black_Diamond_Avalanche;compare=Id_is_invalid;
NE Edmunds Chevrolet Silverado 1500;Tundra;tundra&competitor=Chevrolet_Silverado_1500;compare=false;
NE Edmunds Chevrolet Silverado 1500 Hybrid;Tundra;tundra&competitor=Chevrolet_Silverado_1500_Hybrid;compare=false;
NE Edmunds Chevrolet Silverado 2500 HD;Tundra;tundra&competitor=Chevrolet_Silverado_2500_HD;compare=false;
NE Edmunds Chevrolet Silverado 3500 HD;Tundra;tundra&competitor=Chevrolet_Silverado_3500_HD;compare=false;
NE Edmunds Nissan Titan;Tundra;tundra&competitor=Nissan_Titan;compare=false;
Keyword Cadillac CTS Wagon;RAV4;RAV4&competitor=Cadillac_CTS_Wagon;compare=false;
Keyword Lexus NX200t;RAV4;RAV4&competitor=Lexus_NX200t;compare=true;
Keyword Audi Allroad;RAV4;RAV4&competitor=Audi_Allroad;compare=true;
Keyword Dodge Caliber;RAV4;RAV4&competitor=Dodge_Caliber;compare=false;
Keyword Ford Edge;RAV4;RAV4&competitor=Ford_Edge;compare=false;
Keyword Honda Crosstour;RAV4;RAV4&competitor=Honda_Crosstour;compare=false;
Keyword Mazda CX-7;RAV4;RAV4&competitor=Mazda_CX_7;compare=false;
Keyword Mazda CX-9;RAV4;RAV4&competitor=Mazda_CX_9;compare=false;
Keyword Nissan Murano;RAV4;RAV4&competitor=Nissan_Murano;compare=false;
Keyword Subaru Outback;RAV4;RAV4&competitor=Subaru_Outback;compare=false;
Keyword Volvo XC60;RAV4;RAV4&competitor=Volvo_XC60;compare=false;
NE ATC Chevrolet Sonic;Yaris;yaris&competitor=Chevrolet_Sonic;compare=true;
NE ATC Chevrolet Spark;Yaris;yaris&competitor=Chevrolet_Spark;compare=true;
NE ATC Ford Fiesta;Yaris;yaris&competitor=Ford_Fiesta;compare=true;
NE ATC Honda Fit;Yaris;yaris&competitor=Honda_Fit;compare=false;
NE ATC Hyundai Accent;Yaris;yaris&competitor=Hyundai_Accent;compare=true;
NE ATC Hyundai Veloster;Yaris;yaris&competitor=Hyundai_Veloster;compare=true;
NE ATC Nissan Versa/Note;Yaris;yaris&competitor=Nissan_Versa/Note;compare=true;
NE KBB Chevrolet Sonic;Yaris;yaris&competitor=Chevrolet_Sonic;compare=true;
NE KBB Chevrolet Spark;Yaris;yaris&competitor=Chevrolet_Spark;compare=true;
NE KBB Ford Fiesta;Yaris;yaris&competitor=Ford_Fiesta;compare=true;
NE KBB Honda Fit;Yaris;yaris&competitor=Honda_Fit;compare=false;
NE KBB Hyundai Accent;Yaris;yaris&competitor=Hyundai_Accent;compare=true;
NE KBB Hyundai Veloster;Yaris;yaris&competitor=Hyundai_Veloster;compare=true;
NE KBB Nissan Versa/Note;Yaris;yaris&competitor=Nissan_Versa/Note;compare=true;
NE Cars.com Chevrolet Sonic;Yaris;yaris&competitor=Chevrolet_Sonic;compare=true;
NE Cars.com Chevrolet Spark;Yaris;yaris&competitor=Chevrolet_Spark;compare=true;
NE Cars.com Chevrolet Spark EV;Yaris;yaris&competitor=Chevrolet_Spark_EV;compare=false;
NE Cars.com Ford Fiesta;Yaris;yaris&competitor=Ford_Fiesta;compare=true;
NE Cars.com Honda Fit;Yaris;yaris&competitor=Honda_Fit;compare=false;
NE Cars.com Honda Fit EV;Yaris;yaris&competitor=Honda_Fit_EV;compare=false;
NE Cars.com Hyundai Accent;Yaris;yaris&competitor=Hyundai_Accent;compare=true;
NE Cars.com Nissan Versa;Yaris;yaris&competitor=Nissan_Versa;compare=true;
NE Cars.com Nissan Versa Note;Yaris;yaris&competitor=Nissan_Versa_Note;compare=true;
NE Edmunds Chevrolet Sonic;Yaris;yaris&competitor=Chevrolet_Sonic;compare=true;
NE Edmunds Chevrolet Spark;Yaris;yaris&competitor=Chevrolet_Spark;compare=true;
NE Edmunds Chevrolet Spark EV;Yaris;yaris&competitor=Chevrolet_Spark_EV;compare=false;
NE Edmunds Ford Fiesta;Yaris;yaris&competitor=Ford_Fiesta;compare=true;
NE Edmunds Honda Fit;Yaris;yaris&competitor=Honda_Fit;compare=false;
NE Edmunds Honda Fit EV;Yaris;yaris&competitor=Honda_Fit_EV;compare=false;
NE Edmunds Honda Insight;Yaris;yaris&competitor=Honda_Insight;compare=false;
NE Edmunds Hyundai Accent;Yaris;yaris&competitor=Hyundai_Accent;compare=true;
NE Edmunds Hyundai Veloster;Yaris;yaris&competitor=Hyundai_Veloster;compare=true;
NE Edmunds Nissan Versa;Yaris;yaris&competitor=Nissan_Versa;compare=true;
NE Edmunds Nissan Versa Note;Yaris;yaris&competitor=Nissan_Versa_Note;compare=true;
